"Status","Name","Duration in ms","Description"
"passed","test_pytest.Test_pytest#test_case","1",""
"passed","test_pytest.Test_pytest#test_case","1",""
"passed","test_pytest.Test_pytest#test_case","1",""
"passed","test_pytest.Test_pytest#test_case","1",""
"passed","test_pytest.Test_pytest#test_case","1",""
"passed","test_pytest.Test_pytest#test_case","0",""
"passed","test_pytest.Test_pytest#test_case","1",""
"passed","test_pytest.Test_pytest#test_case","0",""
"passed","test_pytest.Test_pytest#test_case","0",""
"passed","test_pytest.Test_pytest#test_case","1",""
"failed","test_pytest.Test_pytest#test_case","255",""
"passed","test_pytest.Test_pytest#test_case","0",""
"passed","test_pytest.Test_pytest#test_case","0",""
"passed","test_pytest.Test_pytest#test_case","0",""
"passed","test_pytest.Test_pytest#test_case","0",""
"passed","test_pytest.Test_pytest#test_case","0",""
"passed","test_pytest.Test_pytest#test_case","1",""
"passed","test_pytest.Test_pytest#test_case","0",""
"passed","test_pytest.Test_pytest#test_case","0",""
"passed","test_pytest.Test_pytest#test_case","0",""
"passed","test_pytest.Test_pytest#test_case","1",""
"passed","test_pytest.Test_pytest#test_case","0",""
"passed","test_pytest.Test_pytest#test_case","1",""
"passed","test_pytest.Test_pytest#test_case","0",""
"passed","test_pytest.Test_pytest#test_case","0",""
"passed","test_pytest.Test_pytest#test_case","0",""
"passed","test_pytest.Test_pytest#test_case","0",""
"passed","test_pytest.Test_pytest#test_case","0",""
"passed","test_pytest.Test_pytest#test_case","0",""
"passed","test_pytest.Test_pytest#test_case","1",""
"passed","test_pytest.Test_pytest#test_case","0",""
"passed","test_pytest.Test_pytest#test_case","1",""
"passed","test_pytest.Test_pytest#test_case","1",""
"passed","test_pytest.Test_pytest#test_case","1",""
"passed","test_pytest.Test_pytest#test_case","1",""
"passed","test_pytest.Test_pytest#test_case","0",""
"passed","test_pytest.Test_pytest#test_case","0",""
"passed","test_pytest.Test_pytest#test_case","0",""
"passed","test_pytest.Test_pytest#test_case","1",""
"passed","test_pytest.Test_pytest#test_case","0",""
"passed","test_pytest.Test_pytest#test_case","1",""
"passed","test_pytest.Test_pytest#test_case","1",""
"passed","test_pytest.Test_pytest#test_case","0",""
"failed","test_pytest.Test_pytest#test_case","282",""
"passed","test_pytest.Test_pytest#test_case","1",""
"passed","test_pytest.Test_pytest#test_case","1",""
"passed","test_pytest.Test_pytest#test_case","1",""
"passed","test_pytest.Test_pytest#test_case","0",""
"passed","test_pytest.Test_pytest#test_case","1",""
"passed","test_pytest.Test_pytest#test_case","483",""
"passed","test_pytest.Test_pytest#test_case","0",""
"passed","test_pytest.Test_pytest#test_case","1",""
"passed","test_pytest.Test_pytest#test_case","0",""
"passed","test_pytest.Test_pytest#test_case","1",""
"passed","test_pytest.Test_pytest#test_case","1",""
"passed","test_pytest.Test_pytest#test_case","1",""
"passed","test_pytest.Test_pytest#test_case","1",""
"passed","test_pytest.Test_pytest#test_case","0",""
"passed","test_pytest.Test_pytest#test_case","1",""
"passed","test_pytest.Test_pytest#test_case","1",""
"passed","test_pytest.Test_pytest#test_case","1",""
"passed","test_pytest.Test_pytest#test_case","0",""
"passed","test_pytest.Test_pytest#test_case","0",""
"passed","test_pytest.Test_pytest#test_case","0",""
"passed","test_pytest.Test_pytest#test_case","0",""
"passed","test_pytest.Test_pytest#test_case","1",""
"passed","test_pytest.Test_pytest#test_case","0",""
"passed","test_pytest.Test_pytest#test_case","1",""
